{"cameraMode":{"drawMode":0,"name":"Shaded","section":"Shading Mode"},"sceneLighting":true,"audioPlay":false,"sceneViewState":{"m_AlwaysRefresh":false,"showFog":true,"showSkybox":true,"showFlares":true,"showImageEffects":true,"showParticleSystems":true,"showVisualEffectGraphs":true,"m_FxEnabled":true},"in2DMode":false,"pivot":{"x":0.5732944011688232,"y":4.664510250091553,"z":1.2261165380477906},"rotation":{"x":0.11800229549407959,"y":0.5029051303863525,"z":-0.06953578442335129,"w":0.8534221649169922},"size":1.7034276723861695,"orthographic":true}